domain, useragent, type, directory 
www.google.com, *, disallow, /search
www.google.com, *, allow, /search/about
www.google.com, *, disallow, /sdch
www.google.com, *, disallow, /groups
www.google.com, *, disallow, /index.html?
www.google.com, *, disallow, /?
www.google.com, *, allow, /?hl=
www.google.com, *, disallow, /?hl=*&
www.google.com, *, allow, /?hl=*&gws_rd=ssl$
www.google.com, *, disallow, /?hl=*&*&gws_rd=ssl
www.google.com, *, allow, /?gws_rd=ssl$
www.google.com, *, allow, /?pt1=true$
www.google.com, *, disallow, /imgres
www.google.com, *, disallow, /u/
www.google.com, *, disallow, /preferences
www.google.com, *, disallow, /setprefs
www.google.com, *, disallow, /default
www.google.com, *, disallow, /m?
www.google.com, *, disallow, /m/
www.google.com, *, allow, /m/finance
www.google.com, *, disallow, /wml?
www.google.com, *, disallow, /wml/?
www.google.com, *, disallow, /wml/search?
www.google.com, *, disallow, /xhtml?
www.google.com, *, disallow, /xhtml/?
www.google.com, *, disallow, /xhtml/search?
www.google.com, *, disallow, /xml?
www.google.com, *, disallow, /imode?
www.google.com, *, disallow, /imode/?
www.google.com, *, disallow, /imode/search?
www.google.com, *, disallow, /jsky?
www.google.com, *, disallow, /jsky/?
www.google.com, *, disallow, /jsky/search?
www.google.com, *, disallow, /pda?
www.google.com, *, disallow, /pda/?
www.google.com, *, disallow, /pda/search?
www.google.com, *, disallow, /sprint_xhtml
www.google.com, *, disallow, /sprint_wml
www.google.com, *, disallow, /pqa
www.google.com, *, disallow, /palm
www.google.com, *, disallow, /gwt/
www.google.com, *, disallow, /purchases
www.google.com, *, disallow, /local?
www.google.com, *, disallow, /local_url
www.google.com, *, disallow, /shihui?
www.google.com, *, disallow, /shihui/
www.google.com, *, disallow, /products?
www.google.com, *, disallow, /product_
www.google.com, *, disallow, /products_
www.google.com, *, disallow, /products;
www.google.com, *, disallow, /print
www.google.com, *, disallow, /books/
www.google.com, *, disallow, /bkshp?*q=*
www.google.com, *, disallow, /books?*q=*
www.google.com, *, disallow, /books?*output=*
www.google.com, *, disallow, /books?*pg=*
www.google.com, *, disallow, /books?*jtp=*
www.google.com, *, disallow, /books?*jscmd=*
www.google.com, *, disallow, /books?*buy=*
www.google.com, *, disallow, /books?*zoom=*
www.google.com, *, allow, /books?*q=related:*
www.google.com, *, allow, /books?*q=editions:*
www.google.com, *, allow, /books?*q=subject:*
www.google.com, *, allow, /books/about
www.google.com, *, allow, /booksrightsholders
www.google.com, *, allow, /books?*zoom=1*
www.google.com, *, allow, /books?*zoom=5*
www.google.com, *, disallow, /ebooks/
www.google.com, *, disallow, /ebooks?*q=*
www.google.com, *, disallow, /ebooks?*output=*
www.google.com, *, disallow, /ebooks?*pg=*
www.google.com, *, disallow, /ebooks?*jscmd=*
www.google.com, *, disallow, /ebooks?*buy=*
www.google.com, *, disallow, /ebooks?*zoom=*
www.google.com, *, allow, /ebooks?*q=related:*
www.google.com, *, allow, /ebooks?*q=editions:*
www.google.com, *, allow, /ebooks?*q=subject:*
www.google.com, *, allow, /ebooks?*zoom=1*
www.google.com, *, allow, /ebooks?*zoom=5*
www.google.com, *, disallow, /patents?
www.google.com, *, disallow, /patents/download/
www.google.com, *, disallow, /patents/pdf/
www.google.com, *, disallow, /patents/related/
www.google.com, *, disallow, /scholar
www.google.com, *, disallow, /citations?
www.google.com, *, allow, /citations?user=
www.google.com, *, disallow, /citations?*cstart=
www.google.com, *, allow, /citations?view_op=new_profile
www.google.com, *, allow, /citations?view_op=top_venues
www.google.com, *, disallow, /s?
www.google.com, *, allow, /maps?*output=classic*
www.google.com, *, allow, /maps?*file=
www.google.com, *, allow, /maps/api/js?
www.google.com, *, allow, /maps/d/
www.google.com, *, disallow, /maps?
www.google.com, *, disallow, /mapstt?
www.google.com, *, disallow, /mapslt?
www.google.com, *, disallow, /maps/stk/
www.google.com, *, disallow, /maps/br?
www.google.com, *, disallow, /mapabcpoi?
www.google.com, *, disallow, /maphp?
www.google.com, *, disallow, /mapprint?
www.google.com, *, disallow, /maps/api/js/
www.google.com, *, disallow, /maps/api/staticmap?
www.google.com, *, disallow, /maps/api/streetview
www.google.com, *, disallow, /mld?
www.google.com, *, disallow, /staticmap?
www.google.com, *, disallow, /maps/preview
www.google.com, *, disallow, /maps/place
www.google.com, *, disallow, /help/maps/streetview/partners/welcome/
www.google.com, *, disallow, /help/maps/indoormaps/partners/
www.google.com, *, disallow, /lochp?
www.google.com, *, disallow, /center
www.google.com, *, disallow, /ie?
www.google.com, *, disallow, /blogsearch/
www.google.com, *, disallow, /blogsearch_feeds
www.google.com, *, disallow, /advanced_blog_search
www.google.com, *, disallow, /uds/
www.google.com, *, disallow, /chart?
www.google.com, *, disallow, /transit?
www.google.com, *, disallow, /extern_js/
www.google.com, *, disallow, /xjs/
www.google.com, *, disallow, /calendar/feeds/
www.google.com, *, disallow, /calendar/ical/
www.google.com, *, disallow, /cl2/feeds/
www.google.com, *, disallow, /cl2/ical/
www.google.com, *, disallow, /coop/directory
www.google.com, *, disallow, /coop/manage
www.google.com, *, disallow, /trends?
www.google.com, *, disallow, /trends/music?
www.google.com, *, disallow, /trends/hottrends?
www.google.com, *, disallow, /trends/viz?
www.google.com, *, disallow, /trends/embed.js?
www.google.com, *, disallow, /trends/fetchcomponent?
www.google.com, *, disallow, /trends/beta
www.google.com, *, disallow, /musica
www.google.com, *, disallow, /musicad
www.google.com, *, disallow, /musicas
www.google.com, *, disallow, /musicl
www.google.com, *, disallow, /musics
www.google.com, *, disallow, /musicsearch
www.google.com, *, disallow, /musicsp
www.google.com, *, disallow, /musiclp
www.google.com, *, disallow, /urchin_test/
www.google.com, *, disallow, /movies?
www.google.com, *, disallow, /wapsearch?
www.google.com, *, allow, /safebrowsing/diagnostic
www.google.com, *, allow, /safebrowsing/report_badware/
www.google.com, *, allow, /safebrowsing/report_error/
www.google.com, *, allow, /safebrowsing/report_phish/
www.google.com, *, disallow, /reviews/search?
www.google.com, *, disallow, /orkut/albums
www.google.com, *, disallow, /cbk
www.google.com, *, allow, /cbk?output=tile&cb_client=maps_sv
www.google.com, *, disallow, /kh
www.google.com, *, disallow, /vt
www.google.com, *, disallow, /maps/vt
www.google.com, *, disallow, /maps/api/js/authenticationservice.authenticate
www.google.com, *, disallow, /maps/api/js/quotaservice.recordevent
www.google.com, *, disallow, /recharge/dashboard/car
www.google.com, *, disallow, /recharge/dashboard/static/
www.google.com, *, disallow, /profiles/me
www.google.com, *, allow, /profiles
www.google.com, *, disallow, /s2/profiles/me
www.google.com, *, allow, /s2/profiles
www.google.com, *, allow, /s2/oz
www.google.com, *, allow, /s2/photos
www.google.com, *, allow, /s2/search/social
www.google.com, *, allow, /s2/static
www.google.com, *, disallow, /s2
www.google.com, *, disallow, /transconsole/portal/
www.google.com, *, disallow, /gcc/
www.google.com, *, disallow, /aclk
www.google.com, *, disallow, /cse?
www.google.com, *, disallow, /cse/home
www.google.com, *, disallow, /cse/panel
www.google.com, *, disallow, /cse/manage
www.google.com, *, disallow, /tbproxy/
www.google.com, *, disallow, /imesync/
www.google.com, *, disallow, /shenghuo/search?
www.google.com, *, disallow, /support/forum/search?
www.google.com, *, disallow, /reviews/polls/
www.google.com, *, disallow, /hosted/images/
www.google.com, *, disallow, /ppob/?
www.google.com, *, disallow, /ppob?
www.google.com, *, disallow, /accounts/clientlogin
www.google.com, *, disallow, /accounts/clientauth
www.google.com, *, disallow, /accounts/o8
www.google.com, *, allow, /accounts/o8/id
www.google.com, *, disallow, /topicsearch?q=
www.google.com, *, disallow, /xfx7/
www.google.com, *, disallow, /squared/api
www.google.com, *, disallow, /squared/search
www.google.com, *, disallow, /squared/table
www.google.com, *, disallow, /qnasearch?
www.google.com, *, disallow, /app/updates
www.google.com, *, disallow, /sidewiki/entry/
www.google.com, *, disallow, /quality_form?
www.google.com, *, disallow, /labs/popgadget/search
www.google.com, *, disallow, /buzz/post
www.google.com, *, disallow, /compressiontest/
www.google.com, *, disallow, /analytics/reporting/
www.google.com, *, disallow, /analytics/admin/
www.google.com, *, disallow, /analytics/web/
www.google.com, *, disallow, /analytics/feeds/
www.google.com, *, disallow, /analytics/settings/
www.google.com, *, disallow, /analytics/portal/
www.google.com, *, disallow, /analytics/uploads/
www.google.com, *, allow, /alerts/manage
www.google.com, *, allow, /alerts/remove
www.google.com, *, disallow, /alerts/
www.google.com, *, allow, /alerts/$
www.google.com, *, disallow, /ads/search?
www.google.com, *, disallow, /ads/plan/action_plan?
www.google.com, *, disallow, /ads/plan/api/
www.google.com, *, disallow, /ads/hotels/partners
www.google.com, *, disallow, /phone/compare/?
www.google.com, *, disallow, /travel/clk
www.google.com, *, disallow, /hotelfinder/rpc
www.google.com, *, disallow, /hotels/rpc
www.google.com, *, disallow, /flights/rpc
www.google.com, *, disallow, /commercesearch/services/
www.google.com, *, disallow, /evaluation/
www.google.com, *, disallow, /chrome/browser/mobile/tour
www.google.com, *, disallow, /compare/*/apply*
www.google.com, *, disallow, /forms/perks/
www.google.com, *, disallow, /shopping/suppliers/search
www.google.com, *, disallow, /ct/
www.google.com, *, disallow, /edu/cs4hs/
www.google.com, *, disallow, /trustedstores/s/
www.google.com, *, disallow, /trustedstores/tm2
www.google.com, *, disallow, /trustedstores/verify
www.google.com, *, disallow, /adwords/proposal
www.google.com, *, disallow, /shopping/product/
www.google.com, *, disallow, /shopping/seller
www.google.com, *, disallow, /shopping/reviewer
www.google.com, *, disallow, /about/careers/apply/
www.google.com, *, disallow, /about/careers/applications/
www.google.com, *, disallow, /landing/signout.html
www.google.com, *, disallow, /webmasters/sitemaps/ping?
www.google.com, *, disallow, /ping?
www.google.com, *, disallow, /gallery/
www.google.com, *, disallow, /landing/now/ontap/
www.google.com, twitterbot, allow, /imgres
www.google.com, facebookexternalhit, allow, /imgres
dmu.ac.uk, ﻿ *, disallow, /test-area/
dmu.ac.uk, ﻿ *, disallow, /marketing-toolkit/
dmu.ac.uk, ﻿ *, disallow, /user-training/
dmu.ac.uk, ﻿ *, disallow, /documents/about-dmu-documents/facts-and-figures/vc-expenses-dec-2011-to-june-2013-v5.pdf
dmu.ac.uk, ﻿ *, disallow, /alumni/benefits-and-services/exclusive-offers.aspx
dmu.ac.uk, ﻿ *, disallow, /about-dmu/academic-staff/health-and-life-sciences/ali-al-khattawi/ali-al-khattawi.aspx?contensistextonly=true
dailymail.co.uk, *, disallow, /*readcommentshtml*
dailymail.co.uk, *, disallow, /home/christmas/*
dailymail.co.uk, *, disallow, /home/scotland/*
dailymail.co.uk, *, disallow, /*jsessionid*
dailymail.co.uk, *, disallow, /*createthread.html
dailymail.co.uk, *, disallow, /*debatesearchresults.html
dailymail.co.uk, *, disallow, /*debatetagsearch.html
dailymail.co.uk, *, disallow, /*debateusersearch.html
dailymail.co.uk, *, disallow, /*login?redirectpath=
dailymail.co.uk, *, disallow, /*logout?redirectpath=
dailymail.co.uk, *, disallow, /*mystories.html$
dailymail.co.uk, *, disallow, /*nextthread.html
dailymail.co.uk, *, disallow, /*previousthread.html
dailymail.co.uk, *, disallow, /*questionid*
dailymail.co.uk, *, disallow, /*selectedimage*
dailymail.co.uk, *, disallow, /*textbased/channel
dailymail.co.uk, *, disallow, /*threadindex=*
dailymail.co.uk, *, disallow, /*topgallery*
dailymail.co.uk, *, disallow, /ce/item.cms*
dailymail.co.uk, *, disallow, /dailymail/
dailymail.co.uk, *, disallow, /debate/polls/poll.html$
dailymail.co.uk, *, disallow, /destinations/
dailymail.co.uk, *, disallow, /guide/*
dailymail.co.uk, *, disallow, /home/sitemaparchive/static$
dailymail.co.uk, *, disallow, /link/index.html*
dailymail.co.uk, *, disallow, /mailshopqa/*
dailymail.co.uk, *, disallow, /site=dm/
dailymail.co.uk, *, disallow, /sport/columnist-1000543/hatchet-man.rss
dailymail.co.uk, *, disallow, /sport/columnist-1031773/andy-roddick.rss
dailymail.co.uk, *, disallow, /sport/columnist-1046072/glenn-hoddle.rss
dailymail.co.uk, *, disallow, /sport/columnist-1060209/jake-humphrey.rss
dailymail.co.uk, *, disallow, /sport/columnist-353/sir-bobby-robson.rss
dailymail.co.uk, *, disallow, /sport/columnist-354/ian-ridley--mail-sunday-sports-reporter.rss
dailymail.co.uk, *, disallow, /sport/columnist-1043711/mark-jeffreys.rss
dailymail.co.uk, *, disallow, /sport/columnist-423/dan-king.rss
dailymail.co.uk, *, disallow, /sport/columnist-352/monty-panesar.rss
dailymail.co.uk, *, disallow, /sudoku*
dailymail.co.uk, *, disallow, /travel/enjoyengland/index.rss
dailymail.co.uk, *, disallow, /travel/visitcornwall/index.html
dailymail.co.uk, *, disallow, /tvshowbiz/tvlistings/*
dailymail.co.uk, *, disallow, /weather.html*
dailymail.co.uk, *, disallow, /weather/weather_landing_page.html*
dailymail.co.uk, *, disallow, /ukplus/*
dailymail.co.uk, *, disallow, /*/chat/*
dailymail.co.uk, *, disallow, /app/
dailymail.co.uk, *, disallow, /home/prmts/*
dailymail.co.uk, *, disallow, /home/sweepstakes/*
dailymail.co.uk, *, disallow, /beta/*
dailymail.co.uk, *, disallow, /home/canneslions/index.html
dailymail.co.uk, *, disallow, /cms/sites/all/modules/ckeditor_link/proxy.php*
dailymail.co.uk, *, disallow, /%20user/view.php*
dailymail.co.uk, *, disallow, /worldhome/*
dailymail.co.uk, *, disallow, /home/search.html*
dailymail.co.uk, googlebot-news, disallow, /money/*
dailymail.co.uk, googlebot-news, disallow, /tmoney/*
dailymail.co.uk, mediapartners-google, disallow, 
dailymail.co.uk, mnogosearch/*, disallow, /
dailymail.co.uk, omgilibot/0.3, disallow, /
dailymail.co.uk, webvac, disallow, /
dailymail.co.uk, webzip, disallow, /
dailymail.co.uk, psbot, disallow, /
dailymail.co.uk, daumoa, disallow, /
dailymail.co.uk, ahrefsbot, disallow, /
dailymail.co.uk, crystalsemanticsbot, disallow, /
dailymail.co.uk, ahrefsbot, disallow, /
dailymail.co.uk, ia_archiver, disallow, /*/article-*
dailymail.co.uk, nutch, disallow, /
amazon.co.uk, *, disallow, /exec/obidos/account-access-login
amazon.co.uk, *, disallow, /exec/obidos/change-style
amazon.co.uk, *, disallow, /exec/obidos/flex-sign-in
amazon.co.uk, *, disallow, /exec/obidos/handle-buy-box
amazon.co.uk, *, disallow, /exec/obidos/tg/cm/member/
amazon.co.uk, *, disallow, /exec/obidos/refer-a-friend-login
amazon.co.uk, *, disallow, /exec/obidos/subst/partners/friends/access.html
amazon.co.uk, *, disallow, /exec/obidos/subst/marketplace/sell-your-stuff.html
amazon.co.uk, *, disallow, /exec/obidos/subst/marketplace/sell-your-collection.html
amazon.co.uk, *, disallow, /gp/cart
amazon.co.uk, *, disallow, /gp/customer-media/upload
amazon.co.uk, *, disallow, /gp/flex
amazon.co.uk, *, disallow, /gp/sign-in
amazon.co.uk, *, disallow, /gp/slides/make-money
amazon.co.uk, *, disallow, /gp/yourstore
amazon.co.uk, *, disallow, /gp/legacy-handle-buy-box.html
amazon.co.uk, *, disallow, /gp/content-form
amazon.co.uk, *, disallow, /gp/customer-reviews/common/du
amazon.co.uk, *, disallow, /gp/customer-reviews/write-a-review.html
amazon.co.uk, *, disallow, /gp/vote
amazon.co.uk, *, disallow, /gp/voting/
amazon.co.uk, *, disallow, /gp/product/product-availability
amazon.co.uk, *, disallow, /gp/reader
amazon.co.uk, *, disallow, /gp/gfix
amazon.co.uk, *, disallow, /gp/customer-images
amazon.co.uk, *, disallow, /gp/music/clipserve
amazon.co.uk, *, disallow, /gp/offer-listing
amazon.co.uk, *, disallow, /gp/richpub/listmania/createpipeline
amazon.co.uk, *, disallow, /gp/history
amazon.co.uk, *, disallow, /gp/item-dispatch
amazon.co.uk, *, disallow, /gp/recsradio
amazon.co.uk, *, disallow, /dp/twister-update/
amazon.co.uk, *, disallow, /dp/product-availability/
amazon.co.uk, *, disallow, /gp/registry/wishlist/*/reserve
amazon.co.uk, *, disallow, /gp/structured-ratings/actions/get-experience.html
amazon.co.uk, *, disallow, /gp/twitter/
amazon.co.uk, *, disallow, /ap/signin
amazon.co.uk, *, disallow, /gp/registry/wishlist/
amazon.co.uk, *, disallow, /wishlist/
amazon.co.uk, *, allow, /wishlist/universal*
amazon.co.uk, *, allow, /wishlist/vendor-button*
amazon.co.uk, *, allow, /wishlist/get-button*
amazon.co.uk, *, disallow, /gp/wishlist/
amazon.co.uk, *, allow, /gp/wishlist/universal*
amazon.co.uk, *, allow, /gp/wishlist/vendor-button*
amazon.co.uk, *, allow, /gp/wishlist/ipad-install*
amazon.co.uk, *, disallow, /registry/wishlist/
amazon.co.uk, *, disallow, /gp/registry/search.html
amazon.co.uk, *, disallow, /gp/orc/rml/
amazon.co.uk, *, disallow, /gp/dmusic/mp3/player
amazon.co.uk, *, disallow, /gp/redirect.html
amazon.co.uk, *, disallow, /gp/customer-media/actions/delete/
amazon.co.uk, *, disallow, /gp/customer-media/actions/edit-caption/
amazon.co.uk, *, disallow, /gp/dmusic/
amazon.co.uk, *, disallow, /local/ajax/
amazon.co.uk, *, disallow, /gp/aag
amazon.co.uk, *, disallow, /gp/socialmedia/giveaways
amazon.co.uk, *, disallow, /gp/rentallist
amazon.co.uk, *, disallow, /gp/video/dvd-rental/settings
amazon.co.uk, *, disallow, /gp/rl/settings
amazon.co.uk, *, disallow, /gp/video/settings
amazon.co.uk, *, disallow, /gp/video/watchlist
amazon.co.uk, *, disallow, /gp/video/library
amazon.co.uk, etaospider, disallow, /
twitter.com, googlebot, allow, /?_escaped_fragment_
twitter.com, googlebot, allow, /*?lang=
twitter.com, googlebot, allow, /hashtag/*?src=
twitter.com, googlebot, allow, /search?q=%23
twitter.com, googlebot, disallow, /search/realtime
twitter.com, googlebot, disallow, /search/users
twitter.com, googlebot, disallow, /search/*/grid
twitter.com, googlebot, disallow, /*?
twitter.com, googlebot, disallow, /*/followers
twitter.com, googlebot, disallow, /*/following
twitter.com, googlebot, disallow, /account/not_my_account
twitter.com, slurp, allow, /?_escaped_fragment_
twitter.com, slurp, allow, /*?lang=
twitter.com, slurp, allow, /hashtag/*?src=
twitter.com, slurp, allow, /search?q=%23
twitter.com, slurp, disallow, /search/realtime
twitter.com, slurp, disallow, /search/users
twitter.com, slurp, disallow, /search/*/grid
twitter.com, slurp, disallow, /*?
twitter.com, slurp, disallow, /*/followers
twitter.com, slurp, disallow, /*/following
twitter.com, slurp, disallow, /account/not_my_account
twitter.com, yandex, allow, /?_escaped_fragment_
twitter.com, yandex, allow, /*?lang=
twitter.com, yandex, allow, /hashtag/*?src=
twitter.com, yandex, allow, /search?q=%23
twitter.com, yandex, disallow, /search/realtime
twitter.com, yandex, disallow, /search/users
twitter.com, yandex, disallow, /search/*/grid
twitter.com, yandex, disallow, /*?
twitter.com, yandex, disallow, /*/followers
twitter.com, yandex, disallow, /*/following
twitter.com, yandex, disallow, /account/not_my_account
twitter.com, msnbot, allow, /?_escaped_fragment_
twitter.com, msnbot, allow, /*?lang=
twitter.com, msnbot, allow, /hashtag/*?src=
twitter.com, msnbot, allow, /search?q=%23
twitter.com, msnbot, disallow, /search/realtime
twitter.com, msnbot, disallow, /search/users
twitter.com, msnbot, disallow, /search/*/grid
twitter.com, msnbot, disallow, /*?
twitter.com, msnbot, disallow, /*/followers
twitter.com, msnbot, disallow, /*/following
twitter.com, msnbot, disallow, /account/not_my_account
twitter.com, *, allow, /*?lang=
twitter.com, *, allow, /hashtag/*?src=
twitter.com, *, allow, /search?q=%23
twitter.com, *, disallow, /search/realtime
twitter.com, *, disallow, /search/users
twitter.com, *, disallow, /search/*/grid
twitter.com, *, disallow, /*?
twitter.com, *, disallow, /*/followers
twitter.com, *, disallow, /*/following
twitter.com, *, disallow, /account/not_my_account
twitter.com, *, disallow, /oauth
twitter.com, *, disallow, /1/oauth
twitter.com, *, disallow, /i/streams
twitter.com, *, disallow, /i/hello
instagram.com, *, disallow, /api/
instagram.com, *, disallow, /publicapi/
instagram.com, *, disallow, /query/
yahoo.com, *, disallow, /p/
yahoo.com, *, disallow, /r/
yahoo.com, *, disallow, /bin/
yahoo.com, *, disallow, /includes/
yahoo.com, *, disallow, /blank.html
yahoo.com, *, disallow, /_td_api
yahoo.com, *, disallow, /_tdpp_api
yahoo.com, *, disallow, /_remote
yahoo.com, *, disallow, /_multiremote
yahoo.com, *, disallow, /_tdhl_api
facebook.com, applebot, disallow, /ajax/
facebook.com, applebot, disallow, /album.php
facebook.com, applebot, disallow, /checkpoint/
facebook.com, applebot, disallow, /contact_importer/
facebook.com, applebot, disallow, /feeds/
facebook.com, applebot, disallow, /file_download.php
facebook.com, applebot, disallow, /hashtag/
facebook.com, applebot, disallow, /l.php
facebook.com, applebot, disallow, /live/
facebook.com, applebot, disallow, /p.php
facebook.com, applebot, disallow, /photo.php
facebook.com, applebot, disallow, /photos.php
facebook.com, applebot, disallow, /sharer/
facebook.com, baiduspider, disallow, /ajax/
facebook.com, baiduspider, disallow, /album.php
facebook.com, baiduspider, disallow, /checkpoint/
facebook.com, baiduspider, disallow, /contact_importer/
facebook.com, baiduspider, disallow, /feeds/
facebook.com, baiduspider, disallow, /file_download.php
facebook.com, baiduspider, disallow, /hashtag/
facebook.com, baiduspider, disallow, /l.php
facebook.com, baiduspider, disallow, /live/
facebook.com, baiduspider, disallow, /p.php
facebook.com, baiduspider, disallow, /photo.php
facebook.com, baiduspider, disallow, /photos.php
facebook.com, baiduspider, disallow, /sharer/
facebook.com, bingbot, disallow, /ajax/
facebook.com, bingbot, disallow, /album.php
facebook.com, bingbot, disallow, /checkpoint/
facebook.com, bingbot, disallow, /contact_importer/
facebook.com, bingbot, disallow, /feeds/
facebook.com, bingbot, disallow, /file_download.php
facebook.com, bingbot, disallow, /hashtag/
facebook.com, bingbot, disallow, /l.php
facebook.com, bingbot, disallow, /live/
facebook.com, bingbot, disallow, /p.php
facebook.com, bingbot, disallow, /photo.php
facebook.com, bingbot, disallow, /photos.php
facebook.com, bingbot, disallow, /sharer/
facebook.com, googlebot, disallow, /ajax/
facebook.com, googlebot, disallow, /album.php
facebook.com, googlebot, disallow, /checkpoint/
facebook.com, googlebot, disallow, /contact_importer/
facebook.com, googlebot, disallow, /feeds/
facebook.com, googlebot, disallow, /file_download.php
facebook.com, googlebot, disallow, /hashtag/
facebook.com, googlebot, disallow, /l.php
facebook.com, googlebot, disallow, /live/
facebook.com, googlebot, disallow, /p.php
facebook.com, googlebot, disallow, /photo.php
facebook.com, googlebot, disallow, /photos.php
facebook.com, googlebot, disallow, /sharer/
facebook.com, ia_archiver, disallow, /
facebook.com, ia_archiver, disallow, /ajax/
facebook.com, ia_archiver, disallow, /album.php
facebook.com, ia_archiver, disallow, /checkpoint/
facebook.com, ia_archiver, disallow, /contact_importer/
facebook.com, ia_archiver, disallow, /feeds/
facebook.com, ia_archiver, disallow, /file_download.php
facebook.com, ia_archiver, disallow, /hashtag/
facebook.com, ia_archiver, disallow, /l.php
facebook.com, ia_archiver, disallow, /live/
facebook.com, ia_archiver, disallow, /p.php
facebook.com, ia_archiver, disallow, /photo.php
facebook.com, ia_archiver, disallow, /photos.php
facebook.com, ia_archiver, disallow, /sharer/
facebook.com, msnbot, disallow, /ajax/
facebook.com, msnbot, disallow, /album.php
facebook.com, msnbot, disallow, /checkpoint/
facebook.com, msnbot, disallow, /contact_importer/
facebook.com, msnbot, disallow, /feeds/
facebook.com, msnbot, disallow, /file_download.php
facebook.com, msnbot, disallow, /hashtag/
facebook.com, msnbot, disallow, /l.php
facebook.com, msnbot, disallow, /live/
facebook.com, msnbot, disallow, /p.php
facebook.com, msnbot, disallow, /photo.php
facebook.com, msnbot, disallow, /photos.php
facebook.com, msnbot, disallow, /sharer/
facebook.com, naverbot, disallow, /ajax/
facebook.com, naverbot, disallow, /album.php
facebook.com, naverbot, disallow, /checkpoint/
facebook.com, naverbot, disallow, /contact_importer/
facebook.com, naverbot, disallow, /feeds/
facebook.com, naverbot, disallow, /file_download.php
facebook.com, naverbot, disallow, /hashtag/
facebook.com, naverbot, disallow, /l.php
facebook.com, naverbot, disallow, /live/
facebook.com, naverbot, disallow, /p.php
facebook.com, naverbot, disallow, /photo.php
facebook.com, naverbot, disallow, /photos.php
facebook.com, naverbot, disallow, /sharer/
facebook.com, seznambot, disallow, /ajax/
facebook.com, seznambot, disallow, /album.php
facebook.com, seznambot, disallow, /checkpoint/
facebook.com, seznambot, disallow, /contact_importer/
facebook.com, seznambot, disallow, /feeds/
facebook.com, seznambot, disallow, /file_download.php
facebook.com, seznambot, disallow, /hashtag/
facebook.com, seznambot, disallow, /l.php
facebook.com, seznambot, disallow, /live/
facebook.com, seznambot, disallow, /p.php
facebook.com, seznambot, disallow, /photo.php
facebook.com, seznambot, disallow, /photos.php
facebook.com, seznambot, disallow, /sharer/
facebook.com, slurp, disallow, /ajax/
facebook.com, slurp, disallow, /album.php
facebook.com, slurp, disallow, /checkpoint/
facebook.com, slurp, disallow, /contact_importer/
facebook.com, slurp, disallow, /feeds/
facebook.com, slurp, disallow, /file_download.php
facebook.com, slurp, disallow, /hashtag/
facebook.com, slurp, disallow, /l.php
facebook.com, slurp, disallow, /live/
facebook.com, slurp, disallow, /p.php
facebook.com, slurp, disallow, /photo.php
facebook.com, slurp, disallow, /photos.php
facebook.com, slurp, disallow, /sharer/
facebook.com, teoma, disallow, /ajax/
facebook.com, teoma, disallow, /album.php
facebook.com, teoma, disallow, /checkpoint/
facebook.com, teoma, disallow, /contact_importer/
facebook.com, teoma, disallow, /feeds/
facebook.com, teoma, disallow, /file_download.php
facebook.com, teoma, disallow, /hashtag/
facebook.com, teoma, disallow, /l.php
facebook.com, teoma, disallow, /live/
facebook.com, teoma, disallow, /p.php
facebook.com, teoma, disallow, /photo.php
facebook.com, teoma, disallow, /photos.php
facebook.com, teoma, disallow, /sharer/
facebook.com, yandex, disallow, /ajax/
facebook.com, yandex, disallow, /album.php
facebook.com, yandex, disallow, /checkpoint/
facebook.com, yandex, disallow, /contact_importer/
facebook.com, yandex, disallow, /feeds/
facebook.com, yandex, disallow, /file_download.php
facebook.com, yandex, disallow, /hashtag/
facebook.com, yandex, disallow, /l.php
facebook.com, yandex, disallow, /live/
facebook.com, yandex, disallow, /p.php
facebook.com, yandex, disallow, /photo.php
facebook.com, yandex, disallow, /photos.php
facebook.com, yandex, disallow, /sharer/
facebook.com, yeti, disallow, /ajax/
facebook.com, yeti, disallow, /album.php
facebook.com, yeti, disallow, /checkpoint/
facebook.com, yeti, disallow, /contact_importer/
facebook.com, yeti, disallow, /feeds/
facebook.com, yeti, disallow, /file_download.php
facebook.com, yeti, disallow, /hashtag/
facebook.com, yeti, disallow, /l.php
facebook.com, yeti, disallow, /live/
facebook.com, yeti, disallow, /p.php
facebook.com, yeti, disallow, /photo.php
facebook.com, yeti, disallow, /photos.php
facebook.com, yeti, disallow, /sharer/
facebook.com, applebot, allow, /ajax/pagelet/generic.php/pagepostssectionpagelet
facebook.com, baiduspider, allow, /ajax/pagelet/generic.php/pagepostssectionpagelet
facebook.com, bingbot, allow, /ajax/pagelet/generic.php/pagepostssectionpagelet
facebook.com, googlebot, allow, /ajax/pagelet/generic.php/pagepostssectionpagelet
facebook.com, ia_archiver, allow, /about/privacy
facebook.com, ia_archiver, allow, /ajax/pagelet/generic.php/pagepostssectionpagelet
facebook.com, ia_archiver, allow, /full_data_use_policy
facebook.com, ia_archiver, allow, /legal/terms
facebook.com, ia_archiver, allow, /policy.php
facebook.com, msnbot, allow, /ajax/pagelet/generic.php/pagepostssectionpagelet
facebook.com, naverbot, allow, /ajax/pagelet/generic.php/pagepostssectionpagelet
facebook.com, seznambot, allow, /ajax/pagelet/generic.php/pagepostssectionpagelet
facebook.com, slurp, allow, /ajax/pagelet/generic.php/pagepostssectionpagelet
facebook.com, teoma, allow, /ajax/pagelet/generic.php/pagepostssectionpagelet
facebook.com, yandex, allow, /ajax/pagelet/generic.php/pagepostssectionpagelet
facebook.com, yeti, allow, /ajax/pagelet/generic.php/pagepostssectionpagelet
facebook.com, *, disallow, /
